Fecha,usd,tiie,brent,IPC,WTI,IGAE,INPC,yield_usa,yield_mex
17/01/1997,7.8275,0.2565,22.54,3733.16,25.41,68.59535734,39.08277672,0,0
31/01/1997,7.8217,0.247,22.52,3647.17,24.15,67.92226344,39.45014654,5.45,27.37
14/02/1997,7.778,0.2258,20.49,3826.77,22.41,66.968991,39.80261563,5.425,25.105
28/02/1997,7.974,0.2259,18.85,3840.98,20.3,66.01571855,40.05020309,5.4,22.84
17/03/1997,7.992,0.24535,19.5,3760.55,20.92,66.552216,40.31479385,5.48,23.915
31/03/1997,7.9313,0.2254,19.38,3747.98,20.41,67.08871345,40.5320061,5.56,24.99
16/04/1997,7.8978,0.255,19.38,3834.58,19.35,68.63905038,40.76813182,5.635,25
30/04/1997,7.9519,0.2139,18.52,3756.61,20.21,70.1893873,40.95191259,5.71,25.01
16/05/1997,7.8942,0.20935,20.35,3890.36,22.12,70.72150944,41.15002103,5.7,22.625
30/05/1997,7.9167,0.2051,19.4,3968.81,20.88,71.25363157,41.31584341,5.69,20.24
16/06/1997,7.9537,0.2217,17.86,4259.84,19.01,70.98560301,41.51719984,5.67,21.375
30/06/1997,7.9504,0.238,18.51,4457.97,19.8,70.71757445,41.68034797,5.65,22.51
17/07/1997,7.8557,0.2098,18.69,4816.37,19.99,70.60073801,41.88113066,5.61,21.6
31/07/1997,7.8248,0.20085,18.94,5067.83,20.14,70.48390156,42.04103149,5.57,20.69
15/08/1997,7.7646,0.20165,18.99,4956.61,20.07,70.25617616,42.24315199,5.565,20.49
29/08/1997,7.7853,0.21525,18.51,4648.41,19.61,70.02845075,42.42521291,5.56,20.29
15/09/1997,7.7677,0.208,18.23,4833.12,19.27,70.39001788,42.79353782,5.52,20.06
30/09/1997,7.7707,0.19025,19.9,5321.5,21.18,70.75158501,42.92955873,5.48,19.83
17/10/1997,7.7484,0.1906,19.75,5275.59,20.59,71.99443204,43.13225228,5.495,19.64
31/10/1997,8.3683,0.2345,20.02,4647.84,21.08,73.23727907,43.27591388,5.51,19.45
14/11/1997,8.3275,0.235,20.05,4532.67,21,72.99758585,43.5871184,5.555,20.5
28/11/1997,8.2135,0.2077,18.94,4974.57,19.15,72.75789263,43.78790108,5.6,21.55
17/12/1997,8.0787,0.19925,17.4,5112.04,18.19,73.26916568,44.11878245,5.635,21.23
31/12/1997,8.0681,0.2009,16.52,5229.35,17.64,73.78043873,44.48003972,5.67,20.91
16/01/1998,8.1978,0.2012,15.47,4671.24,16.51,73.03084467,45.07761235,5.545,20.21
30/01/1998,8.4643,0.1932,15.96,4569.36,17.21,72.2812506,45.44899423,5.42,19.51
13/02/1998,8.4652,0.20265,14.85,4615.8,16.02,71.77444531,45.94130457,5.42,19.94
27/02/1998,8.5253,0.2112,14.17,4784.45,15.5,71.26764001,46.17017026,5.42,20.37
17/03/1998,8.6048,0.2347,12.26,4784.29,13.35,73.28757656,46.48997124,5.44,20.865
31/03/1998,8.5192,0.2152,14.26,5016.22,15.7,75.30751311,46.70030618,5.46,21.36
16/04/1998,8.5009,0.2075,14.64,5001.55,15.97,74.12994446,46.93776903,5.46,21.15
30/04/1998,8.4898,0.19515,14.46,5098.53,15.48,72.9523758,47.12479778,5.46,20.94
15/05/1998,8.5147,0.193,14.4,4786.18,14.52,74.04519547,47.30781378,5.47,20.295
29/05/1998,8.8164,0.2113,14.37,4530.01,15.23,75.13801514,47.50363002,5.48,19.65
16/06/1998,8.9815,0.22185,12.72,4125.97,12.03,74.89160127,47.86450456,5.48,20.48
30/06/1998,8.9852,0.2324,13.38,4282.62,14.26,74.6451874,48.06777117,5.48,21.31
17/07/1998,8.8218,0.21695,12.8,4674.53,14.01,74.62982462,48.33006903,5.48,21.745
31/07/1998,8.9215,0.21365,13.09,4244.96,14.26,74.61446183,48.52722239,5.48,22.18
17/08/1998,9.3018,0.23625,12.28,3533.14,13.25,74.04685577,48.77843986,5.48,24.005
31/08/1998,9.9717,0.383,12.56,2991.93,13.38,73.4792497,49.00978947,5.48,25.83
15/09/1998,10.2058,0.514,13.02,3414.68,14.61,73.62328334,49.47516292,5.395,32.295
30/09/1998,10.1933,0.3649,14.68,3569.88,16.17,73.76731698,49.89927179,5.31,38.76
16/10/1998,10.0933,0.3844,13.13,3831.33,14.19,74.11574823,50.28842035,5.175,37.095
30/10/1998,10.1137,0.3525,13.22,4074.86,14.45,74.46417948,50.51002669,5.04,35.43
16/11/1998,9.9765,0.346,11.73,3971.5,12.85,74.45380979,51.00138126,5.05,34.76
30/11/1998,9.9995,0.3637,10.46,3769.88,11.26,74.4434401,51.582334,5.06,34.09
17/12/1998,9.7863,0.36515,10.09,3790.85,11.08,75.06039592,52.30522988,5.03,35.48
31/12/1998,9.8963,0.3468,10.53,3959.66,12.09,75.67735173,52.78111066,5,36.87
15/01/1999,10.3485,0.4,10.79,3617.77,12.13,74.98057932,53.63620572,4.885,35.785
29/01/1999,10.1543,0.3625,11.35,3957.93,12.76,74.28380691,54.10406239,4.77,34.7
12/02/1999,9.9486,0.315,10.43,4101.18,11.89,73.49660423,54.47964734,4.78,33.005
26/02/1999,9.9441,0.2975,10.88,4260.8,12.28,72.70940155,54.70851303,4.79,31.31
17/03/1999,9.6888,0.2523,13.27,4855.17,15.05,74.85075503,54.96985581,4.8,28.745
31/03/1999,9.5218,0.24145,15.24,4930.37,16.76,76.9921085,55.23272672,4.81,26.18
16/04/1999,9.5237,0.22855,15.69,5556.44,17.33,75.66066795,55.49044017,4.8,24.205
30/04/1999,9.2447,0.2209,16.57,5414.45,18.66,74.3292274,55.72331791,4.79,22.23
17/05/1999,9.3663,0.22685,15.81,5851.5,17.95,75.62613444,55.85952915,4.8,22.355
31/05/1999,9.6872,0.2329,15.2,5477.65,16.84,76.92304148,56.02325033,4.81,22.48
16/06/1999,9.4585,0.2416,16.47,5628.53,17.95,76.73989329,56.23205713,4.895,22.925
30/06/1999,9.4409,0.2293,17.51,5829.51,19.29,76.55674509,56.38622675,4.98,23.37
16/07/1999,9.3563,0.2173,19.35,5886.41,20.62,76.43468495,56.60554088,5.045,22.7
30/07/1999,9.401,0.2305,19.37,5260.35,20.53,76.3126248,56.75684456,5.11,22.03
17/08/1999,9.3332,0.2305,20.74,5279.89,21.74,75.99131929,56.93298325,5.18,22.2
31/08/1999,9.385,0.2265,21.33,5086.87,22.11,75.67001377,57.06766635,5.25,22.37
15/09/1999,9.3092,0.21935,23.59,4970.24,24.13,75.95888324,57.46483832,5.285,21.92
30/09/1999,9.3483,0.21845,23.58,5050.46,24.51,76.24775271,57.63734769,5.32,21.47
15/10/1999,9.7114,0.2025,22.5,4825.05,22.82,76.35120364,57.85150366,5.6,21.05
29/10/1999,9.625,0.19825,21.69,5450.37,21.75,76.45465456,57.97950046,5.88,20.63
16/11/1999,9.4018,0.18325,24.54,6101.86,25.7,77.06239333,58.33120548,5.845,19.96
30/11/1999,9.432,0.19585,23.64,6136.47,24.59,77.67013209,58.52988698,5.81,19.29
16/12/1999,9.3578,0.18665,26.09,6859.03,26.83,77.86180031,58.82752719,5.84,19.07
30/12/1999,9.4986,0.18755,25.08,7129.88,25.6,78.05346853,59.20425824,5.87,18.85
17/01/2000,9.4172,0.18005,25.65,7447.12,28.85,77.9917486,59.64651583,5.805,18.715
31/01/2000,9.6253,0.1911,25.97,6585.67,27.64,77.93002867,59.96994614,5.74,18.58
15/02/2000,9.388,0.1789,27.13,7574.64,30.06,77.64867234,60.26319296,5.805,18.37
29/02/2000,9.3662,0.1784,28.09,7368.55,30.43,77.36731601,60.41430561,5.87,18.16
17/03/2000,9.3255,0.1525,26.56,7985.34,30.91,78.86263303,60.60649183,5.935,16.905
31/03/2000,9.2845,0.14685,24.77,7473.25,26.9,80.35795005,60.74041086,6,15.65
14/04/2000,9.4842,0.144,22.41,6315.91,25.62,78.68275692,60.94711647,6.055,15.065
28/04/2000,9.4127,0.14825,23.89,6640.68,25.74,77.00756379,61.090014,6.11,14.48
17/05/2000,9.5451,0.15305,27.89,6189.09,29.33,79.67543446,61.1866805,6.325,15.095
31/05/2000,9.511,0.17025,28.31,5961.14,29.01,82.34330513,61.3066532,6.54,15.71
16/06/2000,9.9243,0.1754,28.35,6452.9,32.33,81.94242504,61.53762077,6.555,16.655
30/06/2000,9.8243,0.18,30.57,6948.33,32.5,81.54154495,61.68128306,6.57,17.6
17/07/2000,9.3491,0.14895,28.56,7291.74,30.83,80.5856353,61.80889782,6.545,16.26
31/07/2000,9.3667,0.1446,26.93,6514.21,27.43,79.62972564,61.89047189,6.52,14.92
17/08/2000,9.1873,0.1695,30.16,6536.87,31.94,80.41023334,62.05132781,6.505,15.8
31/08/2000,9.1995,0.16555,31.72,6664.82,33.12,81.19074104,62.32795336,6.49,16.68
15/09/2000,9.3517,0.16945,33.98,6835.43,35.93,80.67780684,62.60820892,6.48,16.8
29/09/2000,9.4459,0.1697,29.84,6334.56,30.84,80.16487264,62.67965838,6.47,16.92
17/10/2000,9.5443,0.16995,31.13,5709.67,32.99,80.48722861,62.95551985,6.49,17.38
31/10/2000,9.5642,0.1816,30.76,6394.24,32.7,80.80958458,63.19508389,6.51,17.84
16/11/2000,9.4828,0.1862,32.77,6146.1,35.12,80.86288516,63.53723666,6.505,18.18
30/11/2000,9.4155,0.18845,31.88,5652.63,33.82,80.91618573,63.69217036,6.5,18.52
15/12/2000,9.4079,0.18,25.89,5531.39,28.87,80.20724357,64.15047547,6.42,18.3
29/12/2000,9.6098,0.18855,23.87,5652.19,26.8,79.4983014,64.4561391,6.34,18.08
17/01/2001,9.8878,0.1934,24.79,6078.25,29.6,79.46087978,64.63877377,5.915,18.29
31/01/2001,9.6828,0.1835,26.66,6496.89,28.66,79.42345815,64.68080241,5.49,18.5
14/02/2001,9.7219,0.1803,27.28,6360.09,29.71,77.92135809,64.59598036,5.315,18.39
28/02/2001,9.7025,0.1739,25.57,6032.1,27.4,76.41925803,64.6380097,5.14,18.28
16/03/2001,9.6233,0.172,25.05,5878.57,26.76,78.59356601,64.85732314,4.96,17.845
30/03/2001,9.4933,0.1685,24.74,5727.89,26.3,80.76787399,65.19527284,4.78,17.41
16/04/2001,9.323,0.16525,27.63,5951.7,28.79,79.14951435,65.29232138,4.61,16.92
30/04/2001,9.2537,0.1564,27.89,5987.25,28.46,77.53115471,65.41630612,4.44,16.43
17/05/2001,8.9952,0.148,28.46,6392.77,28.91,79.65762167,65.4317806,4.185,15.085
31/05/2001,9.1835,0.1231,29.34,6595.39,28.37,81.78408863,65.57697103,3.93,13.74
15/06/2001,9.0522,0.11415,28.12,6670.72,28.51,81.19554813,65.64708268,3.8,12.605
29/06/2001,9.0708,0.11115,26.08,6666.17,26.26,80.60700763,65.67153566,3.67,11.47
17/07/2001,9.1855,0.1195,24.89,6395.43,25.57,79.96616027,65.43655672,3.63,11.195
31/07/2001,9.1408,0.1022,24.69,6474.4,26.35,79.32531291,65.54105563,3.59,10.92
17/08/2001,9.1155,0.0905,24.73,6218.46,26.69,79.95617249,65.76724707,3.505,10.13
31/08/2001,9.2,0.1,26.41,6310.7,27.2,80.58703206,65.98598746,3.42,9.34
14/09/2001,9.4942,0.1105,29.43,5531.02,29.89,79.42830253,66.43072897,3.115,9.91
28/09/2001,9.5098,0.118,23.26,5403.53,23.43,78.26957299,66.54917352,2.81,10.48
17/10/2001,9.234,0.10205,20.99,5541.88,21.81,79.12156224,66.71499659,2.545,10.335
31/10/2001,9.2542,0.0935,20.37,5537.04,21.18,79.97355149,66.86591823,2.28,10.19
16/11/2001,9.2121,0.0884,17.75,5712.46,18.03,80.03372537,67.05160917,2.125,9.62
30/11/2001,9.2681,0.088,19.14,5832.83,19.44,80.09389925,67.03231365,1.97,9.05
17/12/2001,9.1198,0.0725,19.06,6271.49,19.22,79.59318415,67.13623951,1.875,8.39
31/12/2001,9.1695,0.079,19.9,6372.28,19.84,79.09246904,67.13337425,1.78,7.73
17/01/2002,9.1255,0.0767,18.41,6604.66,17.97,78.23937712,67.62224559,1.74,7.705
31/01/2002,9.1463,0.0929,19.18,6927.87,19.48,77.38628519,67.88721839,1.7,7.68
14/02/2002,9.0838,0.0921,20.82,6717.61,21.23,76.24780032,67.71012392,1.745,8.21
28/02/2002,9.1303,0.0845,21.33,6734.44,21.74,75.10931544,67.71203409,1.79,8.74
13/03/2002,9.1153,0.0809,23.89,7218.51,24.16,76.115794,67.90804135,1.825,8.655
27/03/2002,9.016,0.0845,25.44,7361.86,25.87,77.12227256,68.20701937,1.86,8.57
16/04/2002,9.1597,0.065,24.58,7535.07,24.75,78.97625391,68.51454697,1.835,7.685
30/04/2002,9.372,0.06565,26.47,7480.74,27.29,80.83023525,68.34399468,1.81,6.8
17/05/2002,9.471,0.0774,26.36,7537.82,28.22,81.45008863,68.53083172,1.795,7.24
31/05/2002,9.6562,0.0815,24.45,7031.64,25.31,82.06994201,68.60495542,1.78,7.68
14/06/2002,9.6684,0.08,24.99,6720.37,25.94,80.89560615,68.84528353,1.77,8.15
28/06/2002,9.9568,0.0996,25.58,6460.95,26.86,79.72127029,68.95933468,1.76,8.62
17/07/2002,9.6468,0.0809,26.44,6403.28,27.88,79.82422703,69.04898182,1.755,8.5
31/07/2002,9.7861,0.077,25.44,6021.84,27.02,79.92718376,69.15173122,1.75,8.38
16/08/2002,9.8643,0.0759,27,6223.63,29.33,80.11647214,69.32275037,1.725,7.925
30/08/2002,9.9109,0.076,27.47,6216.43,28.98,80.30576052,69.4034328,1.7,7.47
17/09/2002,9.9658,0.0785,27.97,6079.95,29.08,79.34297004,69.74616069,1.71,7.98
30/09/2002,10.2299,0.09175,28.75,5728.46,30.45,78.38017956,69.81305124,1.72,8.49
17/10/2002,9.9988,0.086,27.97,5985.77,29.62,79.99395888,70.04958176,1.71,8.695
31/10/2002,10.1552,0.0857,25.72,5967.73,27.22,81.6077382,70.12612662,1.7,8.9
15/11/2002,10.2484,0.0836,23.35,5819.09,25.51,80.85146007,70.5536745,1.53,8.785
29/11/2002,10.1465,0.0789,25.16,6156.83,26.89,80.09518193,70.75434616,1.36,8.67
17/12/2002,10.2053,0.0825,27.92,6168.46,30.1,80.29284429,70.91433182,1.335,8.6
31/12/2002,10.4393,0.08535,28.66,6127.09,31.2,80.49050664,71.0094957,1.31,8.53
17/01/2003,10.59,0.0887,30.54,6204.46,33.91,79.8814576,71.23430313,1.285,9.055
31/01/2003,10.9069,0.0974,31.1,5954.35,33.51,79.27240856,71.26326605,1.26,9.58
14/02/2003,10.8823,0.1019,32.5,5774.39,36.8,78.22396727,71.36946343,1.26,9.765
28/02/2003,11.0324,0.1015,32.79,5927.06,36.6,77.17552597,71.52393234,1.26,9.95
17/03/2003,10.8713,0.0989,29.48,6009.92,34.93,78.75765008,71.80597602,1.225,9.97
31/03/2003,10.7889,0.09325,27.18,5914.03,31.04,80.33977419,71.98940785,1.19,9.99
16/04/2003,10.6225,0.0855,25.02,6306.6,29.2,80.14535855,71.99768297,1.195,9.415
30/04/2003,10.3,0.07075,23.68,6509.88,25.8,79.9509429,72.04319613,1.2,8.84
16/05/2003,10.376,0.05515,26.1,6556.91,29.14,81.11968591,71.74598139,1.195,7.415
30/05/2003,10.3377,0.05425,26.32,6699.18,29.56,82.28842892,71.82942219,1.19,5.99
16/06/2003,10.4983,0.062,26.65,7019.49,31.18,81.86590272,71.81494073,1.1,5.985
30/06/2003,10.437,0.055,28.33,7054.99,30.19,81.44337651,71.8797625,1.01,5.98
17/07/2003,10.349,0.05585,28.62,6999.07,31.41,81.18953963,71.94113631,1.01,5.645
31/07/2003,10.5243,0.04985,28.37,7355.07,30.54,80.93570274,71.96251371,1.01,5.31
15/08/2003,10.7273,0.048,28.81,7418.43,31.05,80.17782551,72.09284685,1.025,5.205
29/08/2003,11.0475,0.05075,29.49,7591.42,31.57,79.41994827,72.24110942,1.04,5.1
15/09/2003,10.9713,0.0489,26.7,7729.14,28.14,79.30435924,72.58314772,1.04,5.175
30/09/2003,11.0133,0.05,27.61,7822.48,29.2,79.1887702,72.61004186,1.04,5.25
17/10/2003,11.2802,0.0588,29.03,7859.82,30.68,80.53392691,72.81485108,1.045,5.555
31/10/2003,11.0525,0.0525,27.7,8064.83,29.11,81.87908362,72.91139415,1.05,5.86
14/11/2003,11.1442,0.051699,29.56,8606.03,32.37,81.25678545,73.41203892,1.055,5.75
28/11/2003,11.3985,0.0635,28.45,8554.48,30.41,80.63448728,73.52375304,1.06,5.64
17/12/2003,11.2676,0.0635,30.59,8416.07,33.35,81.98241527,73.68787626,1.055,6.21
31/12/2003,11.2372,0.062889,30.17,8795.28,32.52,83.33034326,73.8802728,1.05,6.78
16/01/2004,10.8172,0.0517,30.47,9193.81,35.07,82.13023528,74.12369925,1.03,6.175
30/01/2004,11.0214,0.0528,29.18,9428.77,33.05,80.9301273,74.36091937,1.01,5.57
13/02/2004,10.9627,0.056799,30.57,9982.87,34.56,80.06200117,74.59882907,1.01,5.92
27/02/2004,11.0606,0.066799,32.23,9991.8,36.16,79.19387504,74.77398578,1.01,6.27
17/03/2004,10.9988,0.0677,33.53,9959.41,38.18,82.06088092,74.91190445,1.005,6.655
31/03/2004,11.1748,0.0625,31.51,10517.5,35.76,84.9278868,74.96776151,1,7.04
16/04/2004,11.2525,0.06215,33.64,10677.14,37.74,83.93206724,74.96569273,1.025,6.73
30/04/2004,11.4093,0.064241,34.48,9948.13,37.38,82.93624768,75.13878066,1.05,6.42
17/05/2004,11.5282,0.07125,37.91,9605.62,41.55,84.08765379,74.85811617,1.06,6.83
31/05/2004,11.4147,0.06875,36.58,10036.29,39.88,85.23905989,74.87121844,1.07,7.24
16/06/2004,11.3991,0.070937,35.2,10151.6,37.32,85.42996609,74.94017778,1.205,7.245
30/06/2004,11.5258,0.071781,34.5,10281.82,37.05,85.62087229,75.02844573,1.34,7.25
16/07/2004,11.4352,0.070249,38,9923.92,41.25,84.28054784,75.14015985,1.42,7.395
30/07/2004,11.4079,0.0739,40.03,10116.39,43.8,82.94022339,75.22222146,1.5,7.54
17/08/2004,11.3481,0.0748,42.99,9997.03,46.75,83.03632175,75.50840269,1.56,7.6
31/08/2004,11.3807,0.0767,39.61,10264.32,42.12,83.1324201,75.78148166,1.62,7.66
15/09/2004,11.5333,0.078,41.85,10660.91,43.58,82.66495036,76.20006482,1.685,7.82
30/09/2004,11.3884,0.080188,46.38,10957.37,49.64,82.19748062,76.34074186,1.75,7.98
15/10/2004,11.454,0.080088,49.93,10991.43,54.93,83.2800634,76.73381007,1.85,8.135
29/10/2004,11.539,0.0825,48.98,11564.35,51.76,84.36264617,76.86345362,1.95,8.29
16/11/2004,11.3508,0.085371,42.29,11951.16,46.11,85.15206953,77.35582327,2.065,8.57
30/11/2004,11.2373,0.088485,45.51,12102.55,49.13,85.94149289,77.55235737,2.18,8.85
17/12/2004,11.2403,0.09095,43.39,12519.79,46.28,86.08600949,77.66958824,2.26,9
31/12/2004,11.1495,0.0895,40.46,12917.88,43.45,86.23052609,77.55856371,2.34,9.15
17/01/2005,11.2285,0.0888,45.03,12817.89,48.38,84.24446643,77.62338549,2.435,9.08
31/01/2005,11.2141,0.0918,45.92,13097.12,48.2,82.25840677,77.60959362,2.53,9.01
14/02/2005,11.1558,0.0945,45.53,13564.96,47.44,81.57892859,77.74199555,2.53,9.39
28/02/2005,11.0965,0.0968,50.06,13789.46,51.75,80.8994504,78.00817858,2.675,9.77
17/03/2005,11.2193,0.0982,55.06,13138.76,56.4,82.26293336,78.16540586,2.82,9.945
31/03/2005,11.1783,0.09905,54.29,12676.9,55.4,83.62641631,78.28677429,2.82,10.12
15/04/2005,11.1021,0.1003,51.61,11942.7,50.49,85.11007806,78.34883769,2.895,10.15
29/04/2005,11.0832,0.1009,51.09,12322.99,49.72,86.5937398,78.66122348,2.97,10.18
17/05/2005,10.9963,0.1011,49.34,12439.46,48.97,87.24131765,78.33090826,3.03,10.305
31/05/2005,10.916,0.10035,50.73,12964.39,51.97,87.88889549,78.28332632,3.09,10.43
16/06/2005,10.8007,0.1003,56.22,13537.28,56.58,87.1204905,78.16954342,3.18,10.255
30/06/2005,10.7752,0.09985,55.58,13486.13,56.5,86.3520855,78.29504941,3.27,10.08
15/07/2005,10.6312,0.10065,57.61,13952.6,58.09,85.06813885,78.51434009,3.37,10.045
29/07/2005,10.6057,0.1003,59.37,14409.66,60.57,83.78419219,78.56330122,3.47,10.01
17/08/2005,10.6088,0.10025,62.56,14560.33,63.25,85.10768952,78.61984788,3.555,10.03
31/08/2005,10.7995,0.098,67.02,14243.19,68.94,86.43118684,78.64398364,3.64,10.05
15/09/2005,10.807,0.09625,63.16,15428.78,64.75,85.53686501,78.92395854,3.68,9.82
30/09/2005,10.7907,0.0948,63.48,16120.08,66.24,84.64254318,78.97085089,3.72,9.59
17/10/2005,10.8462,0.0941,60.57,15282.73,64.36,85.74781243,79.11911346,3.865,9.455
31/10/2005,10.7857,0.09275,58.1,15759.73,59.76,86.85308167,79.16324743,4.01,9.32
16/11/2005,10.635,0.09165,56,16310.68,57.88,87.75519138,79.69285512,4.12,9.255
30/11/2005,10.5793,0.09005,55.05,16830.96,57.32,88.65730109,79.72940357,4.23,9.19
16/12/2005,10.7567,0.08615,57.13,17737.59,58.06,88.90418973,80.06040838,4.23,8.89
30/12/2005,10.6344,0.08565,58.98,17802.71,61.04,89.15107836,80.33969368,4.31,8.59
17/01/2006,10.5372,0.08435,64.9,18489.63,66.31,88.0983242,80.59622241,4.39,8.41
31/01/2006,10.4433,0.08095,65.99,18907.1,67.92,87.04557004,80.74517457,4.47,8.23
14/02/2006,10.5249,0.08015,59.52,18023.01,59.57,85.56427218,80.80172122,4.55,8.085
28/02/2006,10.456,0.07805,61.76,18706.32,61.41,84.08297432,80.78655017,4.55,7.94
17/03/2006,10.6885,0.0765,63.26,19344.05,62.77,86.81153071,80.81965065,4.655,7.81
31/03/2006,10.8935,0.07575,65.91,19272.63,66.63,89.54008709,80.97136119,4.76,7.68
12/04/2006,11.0477,0.0759,69.42,19322.62,68.62,88.32129534,80.99204899,4.815,7.64
28/04/2006,11.0903,0.0732,72.5,20646.19,71.88,87.10250358,81.03549337,4.87,7.6
17/05/2006,11.133,0.0731,69.04,20261.86,68.69,90.12092794,80.6389772,4.94,7.46
31/05/2006,11.2966,0.07335,70.41,18677.92,71.29,93.1393523,80.66794012,5.01,7.32
16/06/2006,11.414,0.0734,68.8,18041.79,69.88,92.25399606,80.72724514,5.15,7.33
30/06/2006,11.2723,0.07325,73.51,19147.17,73.93,91.36863982,80.71965962,5.29,7.34
17/07/2006,10.9914,0.0731,75.92,18437.98,75.3,89.86376528,80.90171226,5.29,7.31
31/07/2006,10.9181,0.07325,75.15,20095.93,74.4,88.35889073,80.98722184,5.25,7.28
17/08/2006,10.748,0.0729,71.58,20971.78,70.06,89.30253647,81.22720032,5.21,7.315
31/08/2006,10.9037,0.072987,70.25,21049.35,70.26,90.2461822,81.48786661,5.21,7.35
15/09/2006,10.9468,0.073035,63.33,21548.87,63.33,89.05763852,81.97678829,5.21,7.33
29/09/2006,10.9935,0.073225,62.48,21937.11,62.91,87.86909483,82.38088999,5.21,7.31
17/10/2006,10.8703,0.073125,60.94,22799.42,58.93,89.73329057,82.61328295,5.2,7.335
31/10/2006,10.764,0.073012,59.03,23046.95,58.73,91.59748631,82.46364119,5.19,7.36
16/11/2006,10.8527,0.073,58.54,24266.03,56.26,91.37133909,82.88567232,5.18,7.35
30/11/2006,10.9975,0.073175,64.26,24962.01,63.13,91.14519186,83.05738106,5.17,7.34
15/12/2006,10.774,0.073467,63.49,25757.68,63.43,91.00328344,83.37804197,5.18,7.37
29/12/2006,10.8116,0.073675,60.86,26448.32,61.05,90.86137501,83.52423576,5.19,7.4
17/01/2007,10.9234,0.074,52.78,26558.5,52.24,89.81934155,83.8000731,5.18,7.42
31/01/2007,11.0382,0.07455,57.4,27561.49,58.14,88.77730809,83.96419631,5.17,7.44
14/02/2007,10.9152,0.0746,57.43,28539.69,58,87.27280776,84.08280637,5.175,7.44
28/02/2007,11.1682,0.074512,61.89,26638.95,61.79,85.76830742,84.15107611,5.18,7.44
16/03/2007,11.1664,0.07455,60.3,26901.42,57.11,88.59519176,84.21934585,5.19,7.425
30/03/2007,11.0322,0.07455,68.1,28747.69,65.87,91.4220761,84.37864191,5.2,7.41
16/04/2007,10.9856,0.0746,67.25,29718.66,63.61,90.3713597,84.20210602,5.2,7.365
30/04/2007,10.9278,0.077,67.65,28996.71,65.71,89.3206433,84.29451153,5.2,7.32
17/05/2007,10.8033,0.076975,70.27,30478.37,64.86,91.8215111,83.86282609,5.195,7.455
31/05/2007,10.7445,0.07705,68.04,31398.96,64.01,94.3223789,83.81179618,5.19,7.59
15/06/2007,10.8148,0.077075,71.47,32128.97,68,93.92849269,83.88075552,5.21,7.555
29/06/2007,10.7946,0.07705,71.41,31151.05,70.68,93.53460648,83.99591761,5.23,7.52
17/07/2007,10.7628,0.07705,75.53,31979.14,74.02,92.47281434,84.20210602,5.225,7.545
31/07/2007,10.9273,0.0771,77.05,30659.66,78.21,91.4110222,84.38691704,5.22,7.57
17/08/2007,11.1259,0.077125,70.44,28510.66,71.98,91.81417132,84.55931537,5.235,7.53
31/08/2007,11.0378,0.07705,72.69,30347.86,74.04,92.21732044,84.71723225,5.25,7.49
14/09/2007,11.111,0.07705,76.22,30096.03,79.1,90.84624341,85.24477116,5.085,7.545
28/09/2007,10.9315,0.076825,79.17,30296.19,81.66,89.47516638,85.34545179,4.92,7.6
17/10/2007,10.8181,0.077025,83.13,32721.82,87.4,92.37756743,85.61784116,4.775,7.635
31/10/2007,10.7023,0.0793,90.63,31458.67,94.53,95.27996848,85.63646018,4.63,7.67
16/11/2007,10.9353,0.0794,91.62,29631.57,95.1,94.54459623,86.18744526,4.525,7.745
30/11/2007,10.8968,0.079113,88.26,29770.52,88.71,93.80922398,86.27571321,4.42,7.82
17/12/2007,10.846,0.07915,91.29,28968.2,90.63,93.1331945,86.44535318,4.325,7.84
31/12/2007,10.9157,0.07925,93.85,29536.83,96,92.45716501,86.73153441,4.23,7.86
17/01/2008,10.9445,0.079237,88.75,26698.66,90.13,91.70577168,86.96875453,3.74,7.88
31/01/2008,10.8262,0.079125,92.21,28793.64,91.75,90.95437835,87.01013013,3.25,7.9
15/02/2008,10.7653,0.079275,94.63,28744.81,95.5,89.9718603,87.11977547,2.985,7.92
29/02/2008,10.7243,0.07935,100.1,28918.52,101.84,88.98934224,87.37630419,2.72,7.94
18/03/2008,10.704,0.079375,105.56,29515.55,109.42,89.02130033,87.79350817,2.535,7.92
31/03/2008,10.6482,0.0793,100.3,30912.99,101.58,89.05325841,87.9665961,2.35,7.9
16/04/2008,10.4579,0.079375,112.66,31910.21,114.93,91.88429304,88.0183156,2.17,7.935
30/04/2008,10.5095,0.0793,111.36,30281.41,113.46,94.71532766,88.1424424,1.99,7.97
16/05/2008,10.4266,0.07935,124.99,31486.95,126.29,94.78984045,87.90935985,1.995,7.94
30/05/2008,10.3306,0.07945,127.78,31975.47,127.35,94.86435324,88.06107039,2,7.91
16/06/2008,10.3399,0.079275,134.71,30354.18,134.61,94.66011292,88.31208237,2.105,7.915
30/06/2008,10.3069,0.08194,139.83,29395.49,140,94.4558726,88.38724804,2.21,7.92
17/07/2008,10.2311,0.082325,131.07,28215.86,129.29,94.30758574,88.72583837,2.195,8.11
31/07/2008,10.0353,0.0844,123.98,27501.02,124.08,94.15929887,88.95823133,2.18,8.3
15/08/2008,10.1966,0.08455,112.55,27340.83,113.77,92.82619137,89.23268948,2.13,8.435
29/08/2008,10.2847,0.0866,114.05,26290.99,115.46,91.49308387,89.47749512,2.08,8.57
15/09/2008,10.7054,0.0866,92.38,24618.15,95.71,91.03479201,89.86918414,2.105,8.64
30/09/2008,10.9814,0.08655,98.17,24888.9,100.64,90.57650015,90.05813272,2.13,8.71
17/10/2008,12.8475,0.08655,69.6,20312.83,71.85,93.04166394,90.49671409,2.1,9.195
31/10/2008,12.7125,0.086975,65.32,20445.32,67.81,95.50682773,90.65601015,2.07,9.68
14/11/2008,13.0242,0.0872,54.24,19562.14,57.04,93.77475832,91.51179549,1.76,10.33
28/11/2008,13.3225,0.0873,53.49,20534.72,54.43,92.04268891,91.70074407,1.45,10.98
17/12/2008,13.1275,0.087525,45.53,22572.5,40.06,91.96887869,92.11725845,1.21,10.835
31/12/2008,13.8325,0.086886,45.59,22380.32,44.6,91.89506846,92.36413287,0.97,10.69
16/01/2009,13.9058,0.08585,46.57,20325.39,36.51,88.39548973,92.50205154,0.64,10.575
30/01/2009,14.3097,0.08105,45.88,19565.14,41.68,84.895911,92.40688766,0.31,10.46
13/02/2009,14.4326,0.07935,44.81,19368.1,37.51,83.36846983,92.56480453,0.395,10.1
27/02/2009,15.0698,0.079085,46.35,17752.18,44.76,81.84102866,92.75237393,0.48,9.74
17/03/2009,14.0502,0.07875,48.24,19325.05,49.16,84.35732123,93.03924476,0.425,9.545
31/03/2009,14.1517,0.0715,49.23,19626.75,49.66,86.87361379,93.34404502,0.37,9.35
16/04/2009,13.0511,0.0678,53.06,22189.2,49.98,85.59216827,93.47713653,0.325,9.03
30/04/2009,13.8443,0.062475,50.8,21898.85,51.12,84.31072274,93.55850855,0.28,8.71
15/05/2009,13.2058,0.057921,55.98,23341.72,56.34,85.19617337,93.23784764,0.255,7.8
29/05/2009,13.1667,0.05435,65.52,24331.71,66.31,86.08162399,93.25370829,0.23,6.89
16/06/2009,13.3525,0.05285,70.24,24224.83,70.47,87.13295505,93.37921428,0.245,6.555
30/06/2009,13.1722,0.05085,69.3,24368.38,69.89,88.18428611,93.45506955,0.26,6.22
17/07/2009,13.3895,0.0487,65.38,25741.96,63.56,88.45798423,93.64263894,0.27,5.945
31/07/2009,13.2125,0.04885,71.7,27043.5,69.45,88.73168234,93.69987518,0.28,5.67
17/08/2009,12.9963,0.04867,70.54,27299.58,66.75,87.64263006,93.80331419,0.26,5.705
31/08/2009,13.314,0.049,69.65,28129.95,69.96,86.55357777,93.9881252,0.24,5.74
15/09/2009,13.3475,0.04894,67.35,29625.02,70.93,86.5286514,94.35843683,0.215,5.73
30/09/2009,13.4928,0.0493,69.07,29232.24,70.61,86.50372502,94.37498707,0.19,5.72
16/10/2009,13.1057,0.04915,76.99,30726.3,78.53,88.81211936,94.70185432,0.19,5.625
30/10/2009,13.1479,0.049513,75.2,28646.03,77,91.12051369,94.60255287,0.19,5.53
17/11/2009,13.0875,0.0492,78.97,31400.2,79.14,91.18478327,95.09974968,0.17,5.53
30/11/2009,12.9157,0.04945,78.47,30957.11,77.28,91.24905285,95.18732803,0.15,5.53
17/12/2009,12.9331,0.049575,73.37,31948.41,72.65,91.55265116,95.4293753,0.155,5.43
31/12/2009,13.0659,0.04915,77.93,32120.47,79.36,91.85624946,95.64383883,0.16,5.33
15/01/2010,12.6884,0.04915,77.11,32262.3,78,89.36160814,96.35963672,0.145,5.325
29/01/2010,13.0098,0.04905,71.46,30391.61,72.89,86.86696682,96.79132216,0.13,5.32
12/02/2010,12.9764,0.04885,72.9,31005.74,74.13,86.0471143,96.96785805,0.14,5.38
26/02/2010,12.7769,0.0492,77.59,31634.54,79.66,85.22726178,97.30024205,0.15,5.44
17/03/2010,12.4892,0.0492,81.96,32798.3,82.93,88.75978439,97.74502976,0.175,5.375
31/03/2010,12.3306,0.04915,82.7,33266.43,83.76,92.29230699,97.90225704,0.2,5.31
16/04/2010,12.2356,0.049495,85.99,33621.39,83.24,91.4370977,97.60090475,0.215,5.405
30/04/2010,12.2626,0.04955,87.44,32687.32,86.15,90.5818884,97.42298966,0.23,5.5
17/05/2010,12.6926,0.0495,75.1,31580.63,70.08,91.44103038,96.89889872,0.255,5.42
31/05/2010,12.9146,0.04965,74.65,32038.53,73.97,92.30017235,96.89545075,0.28,5.34
16/06/2010,12.5878,0.0494,78.14,32805.63,77.67,92.76566942,96.85338556,0.3,5.37
30/06/2010,12.8441,0.04955,75.01,31156.97,75.63,93.23116648,96.88096929,0.32,5.4
16/07/2010,12.9013,0.049175,75.37,31783.39,76.01,92.77997886,97.02440471,0.295,5.375
30/07/2010,12.6455,0.04935,78.18,32308.74,78.95,92.32879124,97.13129168,0.27,5.35
17/08/2010,12.5944,0.048899,76.93,32286.08,75.77,91.94553112,97.2843814,0.26,5.3
31/08/2010,13.1676,0.0488,74.64,31679.85,71.92,91.562271,97.4091978,0.25,5.25
15/09/2010,12.7793,0.0491,78.91,33046.69,76.02,91.05939243,97.80157641,0.245,5.215
30/09/2010,12.5998,0.048733,82.31,33330.34,79.97,90.55651385,97.91329053,0.24,5.18
15/10/2010,12.4276,0.04845,82.45,34741.54,81.25,92.20085038,98.38566198,0.235,5.11
29/10/2010,12.3387,0.048775,83.15,35568.22,81.43,93.8451869,98.53737251,0.23,5.04
16/11/2010,12.4353,0.0488,84.73,35648.21,82.34,94.90710983,99.20903643,0.23,5.1
30/11/2010,12.4664,0.04895,85.92,36817.32,84.11,95.96903276,99.29247723,0.23,5.16
17/12/2010,12.4345,0.04905,91.67,37997.34,88.02,95.78240985,99.48418418,0.23,5.155
31/12/2010,12.3496,0.04875,94.75,38550.79,91.38,95.59578693,100,0.23,5.15
17/01/2011,12.0299,0.04845,97.43,38096.91,91.38,92.90056175,100.174,0.235,5.13
31/01/2011,12.1519,0.0485,101.01,36982.24,92.19,90.20533656,100.282,0.24,5.11
14/02/2011,12.0461,0.04845,103.08,36998.93,84.81,89.3869192,100.488,0.235,5.08
28/02/2011,12.1062,0.048413,111.8,37019.7,96.97,88.56850183,100.72,0.23,5.05
17/03/2011,12.0925,0.0484,114.9,35621.68,101.42,92.19853653,100.769,0.23,5.05
31/03/2011,11.9084,0.04845,117.36,37440.51,106.72,95.82857122,100.824,0.23,5.05
15/04/2011,11.709,0.0483,123.45,36988.38,109.66,93.71421382,100.733,0.215,5.065
29/04/2011,11.5278,0.048599,125.89,36962.62,113.93,91.59985642,100.846,0.2,5.08
17/05/2011,11.766,0.048599,109.99,34819.57,96.91,93.77286586,100.09,0.18,5.06
31/05/2011,11.578,0.048449,116.73,35832.79,102.7,95.94587529,100.001,0.16,5.04
16/06/2011,11.9591,0.0482,114.02,35220.99,94.95,96.21705635,99.946,0.155,4.97
30/06/2011,11.723,0.04845,112.48,36558.07,95.42,96.48823741,100.135,0.15,4.9
15/07/2011,11.7178,0.0481,117.26,36155.86,97.24,95.85298844,100.451,0.145,4.91
29/07/2011,11.7425,0.04815,116.74,35999.34,95.7,95.21773946,100.592,0.14,4.92
17/08/2011,12.1651,0.04825,110.6,34049.58,87.58,95.87831242,100.678,0.15,4.86
31/08/2011,12.348,0.048,114.85,35721.1,88.81,96.53888537,100.682,0.16,4.8
15/09/2011,12.9127,0.0476,115.34,35181.44,89.4,95.32054778,100.895,0.15,4.775
30/09/2011,13.7994,0.047875,102.76,33503.28,79.2,94.10221018,100.958,0.14,4.75
17/10/2011,13.2952,0.047975,110.16,34125.7,86.38,95.77018764,101.577,0.145,4.765
31/10/2011,13.1802,0.047975,109.56,36159.99,93.19,97.43816509,101.64,0.15,4.78
16/11/2011,13.5847,0.047936,111.88,36708.41,102.59,99.2609191,102.622,0.145,4.775
30/11/2011,13.61,0.04795,110.52,36829.15,100.36,101.0836731,102.792,0.14,4.77
16/12/2011,13.845,0.048,103.35,36054.63,93.53,99.94986884,103.312,0.14,4.755
30/12/2011,13.9476,0.0479,107.38,37077.52,98.83,98.81606457,103.79,0.14,4.74
17/01/2012,13.4621,0.0479,111.53,36601.2,100.71,96.74611193,104.12,0.14,4.76
31/01/2012,13.0077,0.047925,110.98,37422.68,98.48,94.67615929,104.448,0.14,4.78
15/02/2012,12.7658,0.04785,118.93,37864.55,101.8,94.37836489,104.52,0.155,4.745
29/02/2012,12.7891,0.0478,122.66,37816.69,107.07,94.08057049,104.471,0.17,4.71
16/03/2012,12.6645,0.04765,125.81,38258.45,107.06,96.5870821,104.521,0.175,4.725
30/03/2012,12.8093,0.0477,122.88,39521.24,103.02,99.09359371,104.59,0.18,4.74
16/04/2012,13.2168,0.047557,118.68,39054.84,102.93,97.28729498,104.154,0.19,4.77
30/04/2012,12.9942,0.047475,119.47,39461,104.87,95.48099624,104.301,0.2,4.8
17/05/2012,13.7994,0.0476,107.49,37261.24,92.56,97.89900507,103.803,0.195,4.745
31/05/2012,14.3047,0.0476,101.87,37872.95,86.53,100.3170139,103.995,0.19,4.69
15/06/2012,13.9115,0.04765,97.61,37738.58,84.03,100.0022268,104.246,0.2,4.695
29/06/2012,13.4084,0.047651,97.8,40199.55,84.96,99.68743971,104.51,0.21,4.7
17/07/2012,13.2226,0.047837,104,41273.02,89.22,99.49960642,104.917,0.215,4.7
31/07/2012,13.2833,0.047788,104.92,40704.28,88.06,99.31177313,105.011,0.22,4.7
17/08/2012,13.1745,0.04785,113.71,40547.49,96.01,99.20560838,105.154,0.21,4.73
31/08/2012,13.2571,0.047925,114.57,39421.65,96.47,99.09944363,105.404,0.2,4.76
14/09/2012,12.7458,0.04797,116.66,40693.47,99,97.14407956,105.667,0.2,4.73
28/09/2012,12.8695,0.04805,112.39,40866.96,92.19,95.18871549,105.819,0.2,4.7
17/10/2012,12.7981,0.0482,113.22,42559.98,92.12,98.5226724,106.295,0.195,4.735
31/10/2012,13.0911,0.0483,108.7,41619.96,86.24,101.8566293,106.26,0.19,4.77
16/11/2012,13.2063,0.0484,108.95,40830.6,86.67,103.1195783,107.098,0.195,4.73
30/11/2012,12.9268,0.048475,111.23,41833.52,88.91,104.3825272,106.901,0.2,4.69
17/12/2012,12.7624,0.0484,107.64,43338.33,87.2,102.4544229,107.194,0.2,4.71
31/12/2012,12.9658,0.04845,111.11,43705.83,91.82,100.5263186,107.298,0.2,4.73
17/01/2013,12.5868,0.048447,111.1,44943.34,95.49,99.24466444,107.463,0.18,4.765
31/01/2013,12.7094,0.0484,115.55,45278.06,97.49,97.96301028,107.892,0.16,4.8
14/02/2013,12.6982,0.048255,118,43878.28,97.31,96.31572365,108.149,0.165,4.78
28/02/2013,12.7795,0.04799,111.38,44120.99,92.05,94.66843702,108.268,0.17,4.76
13/03/2013,12.3967,0.0434,108.52,43278.11,92.52,95.86312917,108.832,0.16,4.57
27/03/2013,12.3612,0.043475,109.69,44077.09,96.58,97.05782131,109.172,0.15,4.38
16/04/2013,12.1668,0.043375,99.91,43223.69,88.72,98.48367067,109.07,0.135,4.365
30/04/2013,12.1456,0.043275,102.37,42263.48,93.46,99.90952003,109.078,0.12,4.35
17/05/2013,12.3177,0.043139,104.64,41806.73,96.02,101.0914252,108.701,0.11,4.35
31/05/2013,12.8035,0.04304,100.39,41588.32,91.97,102.2733304,108.721,0.1,4.35
14/06/2013,12.6916,0.042971,105.93,39269.3,97.85,100.8943018,108.67,0.1,4.295
28/06/2013,13.0279,0.043144,102.16,40623.3,96.56,99.51527314,108.619,0.1,4.24
17/07/2013,12.5455,0.043165,108.61,40240.19,106.48,100.1608678,108.619,0.105,4.28
31/07/2013,12.8464,0.0432,107.7,40837.88,105.03,100.8064625,108.598,0.11,4.32
16/08/2013,12.8722,0.042975,110.4,42049.7,107.46,100.5394852,108.881,0.1,4.3
30/08/2013,13.3415,0.043038,114.01,39484.46,107.65,100.2725078,108.955,0.09,4.28
17/09/2013,12.9241,0.040356,108.19,41137.67,105.42,98.54075793,109.323,0.085,4.195
30/09/2013,13.1747,0.040327,108.37,40185.23,102.33,96.80900805,109.334,0.08,4.11
17/10/2013,12.7717,0.0401,109.11,40199.47,100.67,100.2425415,109.773,0.095,4
31/10/2013,13.0067,0.037781,108.84,41038.65,96.38,103.6760749,109.923,0.11,3.89
15/11/2013,12.9524,0.037775,108.5,41034.11,93.84,103.9599451,110.858,0.1,3.83
29/11/2013,13.1101,0.03802,109.69,42499.13,92.72,104.2438153,110.885,0.09,3.77
17/12/2013,12.9575,0.037932,108.44,41758.55,97.22,103.5242773,111.332,0.09,3.77
31/12/2013,13.0843,0.0379,110.8,42727.09,98.42,102.8047393,111.685,0.09,3.77
17/01/2014,13.2737,0.037825,106.48,41911.31,94.37,100.7628934,112.44,0.09,3.8
31/01/2014,13.3769,0.037761,106.4,40879.75,97.49,98.7210475,112.57,0.09,3.83
14/02/2014,13.2477,0.037915,109.08,40710.89,100.3,97.83371912,112.704,0.095,3.815
28/02/2014,13.2379,0.037917,109.07,38782.89,102.59,96.94639074,112.875,0.1,3.8
18/03/2014,13.1675,0.038075,106.79,38814.69,99.7,99.04335132,113.07,0.1,3.865
31/03/2014,13.0549,0.038125,107.76,40461.6,101.58,101.1403119,113.127,0.1,3.93
16/04/2014,13.0603,0.038085,109.6,40890.53,103.76,100.7493969,112.917,0.1,3.905
30/04/2014,13.0901,0.03795,108.07,40711.56,99.74,100.3584819,112.86,0.1,3.88
16/05/2014,12.9193,0.038075,109.75,41898.84,102.02,102.6529164,112.444,0.1,3.84
30/05/2014,12.8609,0.037858,109.41,41362.51,102.71,104.9473509,112.611,0.1,3.8
16/06/2014,13.0323,0.033118,112.94,42596.25,106.9,103.9039961,112.702,0.1,3.615
30/06/2014,12.9712,0.03305,112.36,42737.17,105.37,102.8606412,112.742,0.1,3.43
17/07/2014,12.9454,0.03297,107.89,43920.76,103.19,103.4757305,112.965,0.1,3.395
31/07/2014,13.2269,0.033075,106.02,43817.69,98.17,104.0908198,113.099,0.1,3.36
15/08/2014,13.0748,0.033025,103.53,44629.33,97.35,102.9512846,113.313,0.105,3.34
29/08/2014,13.0763,0.032975,103.19,45628.09,95.96,101.8117493,113.562,0.11,3.32
15/09/2014,13.2223,0.032926,96.65,45861.84,92.92,100.9363037,113.93,0.105,3.34
30/09/2014,13.433,0.032916,94.67,44985.66,91.16,100.060858,113.948,0.1,3.36
17/10/2014,13.5231,0.032835,86.16,43273.5,82.75,103.5050879,114.515,0.1,3.35
31/10/2014,13.4773,0.03281,85.86,45027.52,80.54,106.9493177,114.623,0.1,3.34
14/11/2014,13.5348,0.0328,79.41,43372.01,75.82,106.7261815,115.468,0.1,3.265
28/11/2014,13.8965,0.033085,70.15,44190.47,66.15,106.5030452,115.519,0.1,3.19
17/12/2014,14.6028,0.032996,61.18,41004.44,56.47,106.7830258,115.998,0.115,3.285
31/12/2014,14.7414,0.03311,57.33,43145.66,53.27,107.0630064,116.121,0.13,3.38
16/01/2015,14.6223,0.033025,50.17,41402.01,48.69,104.6828132,115.904,0.125,3.355
30/01/2015,14.9885,0.032875,52.99,40950.58,48.24,102.3026199,116.003,0.12,3.33
13/02/2015,14.8605,0.033029,61.52,43072.42,52.78,101.115647,116.125,0.12,3.345
27/02/2015,14.9553,0.032925,62.58,44190.17,49.76,99.92867412,116.222,0.12,3.36
17/03/2015,15.4271,0.033112,53.51,43761.36,43.46,102.3490803,116.431,0.115,3.405
31/03/2015,15.2647,0.032955,55.11,43724.78,47.6,104.7694865,116.862,0.11,3.45
16/04/2015,15.2455,0.03278,63.98,45480.23,56.71,104.2052076,116.335,0.105,3.43
30/04/2015,15.3714,0.032975,66.78,44582.39,59.63,103.6409287,116.356,0.1,3.41
15/05/2015,15.0225,0.033,66.81,45332.8,59.69,104.9060381,115.739,0.11,3.47
29/05/2015,15.3815,0.03295,65.56,44703.62,60.3,106.1711474,115.788,0.12,3.53
16/06/2015,15.4192,0.03305,63.7,44722.28,59.97,106.6294799,115.941,0.13,3.405
30/06/2015,15.6854,0.033025,63.59,45053.7,59.47,107.0878123,115.974,0.14,3.28
17/07/2015,15.9121,0.033025,57.1,45325.38,50.89,107.180078,116.083,0.135,3.32
31/07/2015,16.0772,0.033112,52.21,44752.93,47.12,107.2723436,116.174,0.13,3.36
17/08/2015,16.3993,0.0331,48.74,43953.48,41.87,106.3246572,116.308,0.155,3.34
31/08/2015,16.7829,0.0333,54.15,43721.96,49.2,105.3769707,116.438,0.18,3.32
15/09/2015,16.7716,0.033439,46.63,43269.62,44.59,105.1218386,116.811,0.2,3.39
30/09/2015,16.9053,0.03325,48.37,42632.54,45.09,104.8667064,116.807,0.22,3.46
16/10/2015,16.3959,0.033,50.46,44364.16,47.26,107.0830402,117.347,0.2,3.425
30/10/2015,16.5244,0.033,49.56,44542.76,46.59,109.299374,117.474,0.18,3.39
17/11/2015,16.757,0.03326,43.57,44184.65,40.67,109.1116684,118.086,0.19,3.485
30/11/2015,16.5856,0.033175,44.61,43418.55,41.65,108.9239628,118.017,0.2,3.58
17/12/2015,17.1,0.033825,37.06,43503.52,34.95,109.4082693,118.321,0.28,3.59
31/12/2015,17.2487,0.035475,37.28,42977.5,37.04,109.8925757,118.742,0.36,3.6
15/01/2016,18.2108,0.035543,28.94,40847.7,29.42,107.258352,118.774,0.415,3.62
29/01/2016,18.1935,0.035551,34.74,43630.77,33.62,104.6241282,119.194,0.47,3.64
15/02/2016,18.8471,0.035476,33.39,43205.91,29.04,104.7677639,119.534,0.47,3.755
29/02/2016,18.102,0.040501,35.97,43714.93,33.75,104.9113996,119.475,0.47,3.87
17/03/2016,17.4034,0.040647,41.54,45435.09,40.2,105.4767354,119.59,0.47,4.065
31/03/2016,17.237,0.04065,39.6,45881.08,38.34,106.0420712,119.771,0.47,4.26
15/04/2016,17.5669,0.04065,43.1,45536.52,40.36,106.7244346,119.358,0.475,4.19
29/04/2016,17.1767,0.04065,48.13,45784.77,45.92,107.4067979,119.247,0.48,4.12
17/05/2016,18.3217,0.04066,49.28,45872.18,48.31,108.3018016,118.67,0.48,4.145
31/05/2016,18.4118,0.04097,49.69,45459.45,49.1,109.1968053,118.869,0.48,4.17
16/06/2016,18.9968,0.041037,47.19,45225.4,46.21,109.7994208,118.896,0.485,4.235
30/06/2016,18.4646,0.041116,49.68,45966.49,48.33,110.4020363,118.906,0.49,4.3
15/07/2016,18.492,0.04589,47.61,46713.43,45.95,109.104698,119.236,0.475,4.505
29/07/2016,18.7837,0.045874,42.46,46660.67,41.6,107.8073596,119.187,0.46,4.71
17/08/2016,18.2598,0.045911,49.85,48258.93,46.79,108.4924748,119.561,0.48,4.755
31/08/2016,18.8611,0.04595,47.04,47541.32,44.7,109.17759,119.533,0.5,4.8
15/09/2016,19.2514,0.04595,46.59,45922.91,43.91,107.7433598,120.176,0.515,4.83
30/09/2016,19.3776,0.046683,49.06,47245.8,48.24,106.3091296,120.378,0.53,4.86
17/10/2016,18.8723,0.051115,51.52,47657.33,49.94,108.6362361,120.972,0.555,5.095
31/10/2016,18.8887,0.051103,48.3,48009.28,46.86,110.9633425,121.042,0.58,5.33
16/11/2016,20.2884,0.0531,46.63,44901.57,45.57,112.5222208,121.976,0.6,5.485
30/11/2016,20.5155,0.055738,50.47,45315.96,49.44,114.0810991,121.93,0.62,5.64
16/12/2016,20.428,0.056274,55.21,45121.39,51.9,113.8043436,122.437,0.68,6.28
30/12/2016,20.6194,0.061066,56.82,45642.9,53.72,113.527588,122.594,0.74,6.92
17/01/2017,21.5738,0.061186,55.47,46002.56,52.48,110.8616121,124.449,0.77,6.775
31/01/2017,20.7908,0.061525,55.7,47001.06,52.81,108.1956362,124.747,0.8,6.63
14/02/2017,20.3507,0.065871,55.97,47391.24,53.2,106.7242793,125.163,0.785,6.835
28/02/2017,19.9957,0.06605,55.59,46856.79,54.01,105.2529224,125.473,0.77,7.04
17/03/2017,19.117,0.066336,51.76,48593.44,48.78,108.5015256,125.913,0.82,7.12
31/03/2017,18.7955,0.066796,52.83,48541.56,50.6,111.7501288,126.26,0.87,7.2
12/04/2017,18.7528,0.068559,55.86,48955.82,53.11,109.0771614,126.07,0.895,7.235
28/04/2017,18.9594,0.068925,51.73,49261.33,49.33,106.404194,126.414,0.92,7.27
17/05/2017,18.6761,0.068876,52.21,48747.95,49.07,109.532677,125.987,0.935,7.285
31/05/2017,18.6909,0.071471,50.31,48788.44,48.32,112.6611599,126.195,0.95,7.3
16/06/2017,17.9321,0.07185,47.37,49221.03,44.74,112.8511941,126.386,1.025,7.35
30/06/2017,18.0626,0.0736,47.92,49857.49,46.04,113.0412282,126.429,1.1,7.4
17/07/2017,17.5836,0.073612,48.42,51332.29,46.02,110.9665823,126.727,1.135,7.335
31/07/2017,17.8646,0.073811,52.65,51011.88,50.17,108.8919363,127.046,1.17,7.27
17/08/2017,17.7324,0.073781,51.03,50994.18,47.09,110.3009024,127.438,1.175,7.37
31/08/2017,17.8145,0.073825,52.38,51210.48,47.23,111.7098685,127.587,1.18,7.47
15/09/2017,17.6857,0.073765,55.62,49921.84,49.89,109.2617653,128.022,1.18,7.475
29/09/2017,18.159,0.073794,57.54,50346.06,51.67,106.8136621,127.801,1.18,7.48
17/10/2017,19.0117,0.073765,57.88,50140.52,51.88,109.729372,128.592,1.195,7.48
31/10/2017,19.1478,0.073825,61.37,48625.53,54.38,112.6450818,128.841,1.21,7.48
16/11/2017,19.1224,0.073806,61.36,47747.69,55.14,114.2272329,130.02,1.245,7.465
30/11/2017,18.6229,0.073875,63.57,47092.45,57.4,115.809384,130.067,1.28,7.45
15/12/2017,19.1289,0.0746,63.23,48081.55,57.3,115.3164071,130.633,1.355,7.765
29/12/2017,19.6629,0.076241,66.87,49354.42,60.42,114.8234301,130.993,1.43,8.08
